fixture,app,run,cache_mode,mapped_ms,settled_ms,pss_mib,cpu_s,thumbs
scale,flea,1,warm,1042.55738898064,2061.7074219917413,157.28,0.98,0
scale,flea,2,warm,1083.4655950020533,2045.763883012114,157.48,0.99,0
scale,flea,3,warm,1027.1250149817206,2021.7430460033938,157.53,0.97,0
scale,echofiles,1,warm,167.8069980116561,872.7725009957794,217.15,0.84,0
scale,echofiles,2,warm,163.78053597873077,850.7543469895609,207.88,0.83,0
scale,echofiles,3,warm,168.48508201655932,1040.2007510128897,201.64,1.23,0
media,flea,1,warm,1017.0525750145316,2285.7990600168705,159.46,3.38,31
media,flea,2,warm,1055.0562409916893,2314.4685729930643,159.36,3.35,31
media,flea,3,warm,1028.6521560046822,2240.9631479822565,159.01,3.29,31
media,echofiles,1,warm,121.48340599378571,1579.028942011064,170.01,2.22,18
media,echofiles,2,warm,133.66357301129028,1597.496319009224,166.81,2.2,18
media,echofiles,3,warm,124.63022299925797,1552.1881419990677,167.34,2.24,18
matched,flea,1,warm,1010.5615719803609,2303.6794280051254,159.14,3.31,31
matched,flea,2,warm,1090.4552660067566,2305.0768729881383,159.13,3.34,31
matched,flea,3,warm,1014.0666730003431,2354.917299991939,159.47,3.32,31
matched,echofiles,1,warm,148.7426929816138,1888.4465619921684,155.89,3.13,18
matched,echofiles,2,warm,129.9571220006328,1617.7321370050777,171.97,2.34,18
matched,echofiles,3,warm,117.66828197869472,1561.8862400006037,172.15,2.22,18
